place_id,name,region,type,lat,lon,dog_policy,size_limit,leash_rule,muzzle_rule,extra_fee,facilities,floor_type,length_km,elevation_gain,shade_level,water_access,parking,indoor,crowd_level_est,noise_level_est,url,source
1,바람숲둘레길,경기/양평,trail,37.51,127.49,allow,large,required,optional,0,그늘|급수대,흙|잔디,4.2,150,high,near_stream,yes,no,low,low,https://example.com,a_public_list
2,해변산책로,강원/강릉,trail,37.77,128.95,seasonal_allow,medium,required,optional,0,그늘,모래,3.0,20,low,sea,yes,no,medium,medium,https://example.com,a_public_list
3,호수공원,경기/고양,park,37.67,126.77,allow,large,required,prohibited,0,그늘|급수대,잔디,2.0,10,high,lake,yes,no,medium,low,https://example.com,a_public_list
4,펫프렌들리 카페A,서울/마포,cafe,37.55,126.91,allow,small,required,prohibited,0,급수대,타일,0.0,0,indoor,none,no,yes,low,low,https://example.com,curated
5,애견동반 숙소A,경기/가평,stay,37.83,127.51,allow,large,required,optional,20000,펜스|그늘,데크,0.0,0,medium,none,yes,yes,low,low,https://example.com,curated
6,잔디캠핑장,충남/태안,camp,36.74,126.29,allow,large,required,optional,10000,펜스|그늘|급수대,잔디,0.0,0,medium,sea,yes,no,medium,medium,https://example.com,a_public_list
7,숲속데크길,경남/거제,trail,34.88,128.62,allow,large,required,optional,0,그늘,우드칩,5.0,220,high,none,yes,no,low,low,https://example.com,a_public_list
8,도심소공원,서울/송파,park,37.50,127.12,allow,small,required,prohibited,0,none,잔디,1.0,5,low,none,no,no,high,medium,https://example.com,open_map
9,조용한서원,경북/안동,park,36.54,128.77,allow,medium,required,prohibited,0,그늘,돌길,1.5,30,high,none,yes,no,low,low,https://example.com,open_map
10,계곡산책로,경기/포천,trail,37.89,127.20,allow,large,required,optional,0,그늘|급수대,흙|자갈,3.8,180,high,stream,yes,no,low,medium,https://example.com,a_public_list
11,펫전용실내놀이터,서울/성수,indoor,37.54,127.05,allow,large,required,prohibited,10000,펜스|급수대,매트,0.0,0,indoor,none,no,yes,low,low,https://example.com,curated
12,노을정원,전북/전주,park,35.83,127.09,allow,medium,required,prohibited,0,그늘,잔디,2.5,20,medium,none,yes,no,medium,low,https://example.com,open_map
13,해변B,부산/해운대,beach,35.16,129.16,seasonal_allow,small,required,optional,0,none,모래,2.0,0,low,sea,yes,no,high,high,https://example.com,open_map
14,산책길C,제주/조천,trail,33.53,126.64,allow,large,required,optional,0,그늘|급수대,흙,6.0,250,high,none,yes,no,low,low,https://example.com,a_public_list
15,숲치유센터,강원/평창,indoor,37.37,128.39,allow,small,required,prohibited,5000,none,실내,0.0,0,indoor,none,yes,yes,low,low,https://example.com,curated
16,리버사이드웨이,대구/수성,trail,35.84,128.62,allow,medium,required,optional,0,그늘,lawn|자갈,3.0,15,medium,river,yes,no,medium,medium,https://example.com,open_map
17,산림욕장,경기/남양주,park,37.65,127.24,allow,large,required,optional,0,그늘,흙|잔디,2.8,60,high,none,yes,no,low,low,https://example.com,open_map
18,호젓한오솔길,전남/담양,trail,35.32,126.99,allow,medium,required,optional,0,그늘,흙,4.5,120,high,none,yes,no,low,low,https://example.com,open_map
19,애견동반카페B,부산/광안,cafe,35.16,129.11,allow,small,required,prohibited,0,급수대,타일,0.0,0,indoor,none,no,yes,medium,medium,https://example.com,curated
20,실내대체플랜,서울/강서,indoor,37.56,126.83,allow,large,required,prohibited,8000,펜스|급수대,매트,0.0,0,indoor,none,yes,yes,low,low,https://example.com,curated